id,mf,first_name,surname,date_birth,date_started,salary
1,F,Nadia,Kraja,1970-12-24,2015-08-25,135000
2,F,Nadia,Kraja,1956-05-31,2002-05-24,129000
3,F,Laura,Barr,1970-09-09,2012-01-29,117000
4,F,Zoe,McKemey,1958-04-17,2007-05-31,114000
5,F,Laura,Smith,1973-11-19,1999-07-30,106000
6,F,Cherie,England,1964-06-28,2011-08-09,147000
7,M,Matt,Barr,1963-08-23,2001-07-03,54000
8,F,Angie,Hammond,1971-12-03,2010-05-10,76000
9,M,Jordan,Salt,1965-03-25,2012-08-27,93000
10,F,Mary,Hammond,1966-11-30,2005-07-13,114000
11,F,Ermintrude,Russell,1979-02-07,1998-03-31,102000
12,F,Claire,Smith,1957-04-28,2007-11-09,74000
13,M,Gav,Tulip,1964-03-03,2009-03-02,118000
14,M,Bernard,Burrows,1960-07-05,2008-03-18,10000
15,F,Faye,Hargreaves,1965-12-27,2011-05-14,85000
16,F,Victoria,Taylor,1959-06-06,2012-08-28,99000
17,F,Sarah,Tulip,1959-05-15,2004-06-01,64000
18,F,Ethel,Tanner,1958-01-18,1999-01-05,106000
19,M,Jordan,Baker,1964-07-28,2002-08-28,62000
20,F,Angie,Fortescue-Smythe,1974-10-09,2009-01-23,120000
21,M,Jon,Woch,1979-09-14,2007-06-20,144000
22,F,Mary,England,1976-11-28,2002-06-10,51000
23,M,Frank,Tanner,1975-09-18,2007-05-31,78000
24,M,James,Burrows,1957-12-16,2001-08-12,24000
25,M,Dave,Smith,1971-04-25,2005-01-24,142000
26,M,Frank,Charnock,1971-08-09,2002-11-30,40000
27,F,Diane,Baker,1978-12-03,2007-03-28,123000
28,F,Emma,Kraja,1971-09-12,2000-09-26,76000
29,M,Boris,Hargreaves,1958-06-11,2003-02-21,122000
30,F,Beth,Hargreaves,1959-05-24,2005-11-03,114000
31,M,Ben,McKemey,1965-04-12,2010-04-14,47000
32,F,Angie,Smith,1957-09-06,2013-09-03,10000
33,M,Richard,Russell,1971-11-14,1999-08-17,56000
34,M,Terry,Salt,1958-02-04,2005-07-25,124000
35,F,Angie,Hammond,1959-10-22,2013-06-04,24000
36,M,Richard,Smith,1976-07-23,2011-03-02,83000
37,M,Gav,Hargreaves,1975-07-08,2000-06-07,16000
38,F,Emily,Taylor,1974-12-19,2002-07-12,84000
39,F,Bella,Kraja,1970-09-14,2007-09-29,71000
40,M,Dave,Drake,1966-02-14,2005-09-14,74000
41,F,Victoria,Kraja,1956-12-25,2010-12-02,103000
42,F,Lauren,Hammond,1968-01-04,2014-01-30,69000
43,M,Matt,Brennan,1965-10-02,2003-06-22,33000
44,F,Lauren,Tanner,1961-08-07,2000-11-22,106000
45,M,Boris,Drake,1964-02-05,2014-12-13,112000
46,F,Ermintrude,Baker,1960-04-03,2001-08-13,51000
47,F,Ermintrude,Plum,1960-07-31,2002-11-26,31000
48,M,Terry,Salt,1971-05-04,2004-02-07,46000
49,F,Cherie,Kraja,1975-10-26,2007-12-05,96000
50,F,Diane,Barr,1964-01-13,2009-02-02,73000
51,M,Jon,Fortescue-Smythe,1957-12-01,2013-08-17,27000
52,M,Jordan,Burrows,1979-04-21,2012-05-31,29000
53,F,Ethel,Russell,1962-09-02,2008-06-10,132000
54,F,Laura,Hargreaves,1965-07-08,2006-12-17,116000
55,F,Mary,Charnock,1966-06-16,2003-06-01,56000
56,F,Victoria,Kraja,1977-03-14,2012-07-01,51000
57,M,Dave,Hargreaves,1964-12-12,2007-11-17,17000
58,F,Lauren,Charnock,1969-11-29,2010-07-03,139000
59,F,Cherie,England,1958-09-18,2011-02-23,68000
60,F,Maureen,McKemey,1963-09-07,2005-11-11,97000
61,F,Zoe,Drake,1957-07-05,2007-03-25,105000
62,M,Ben,Salt,1962-05-08,2002-04-16,68000
63,M,Dave,Woch,1963-04-24,2004-07-08,40000
64,F,Angie,McKemey,1972-07-19,2002-12-20,112000
65,M,James,Hargreaves,1964-12-07,2013-11-12,35000
66,F,Ethel,Salt,1964-08-01,2013-07-22,19000
67,F,Karen,Kraja,1967-05-13,2015-09-08,59000
68,M,Dermot,Fortescue-Smythe,1958-02-17,1998-05-14,99000
69,M,Frank,Tulip,1978-08-21,2013-07-24,118000
70,F,Nadia,McKemey,1974-06-14,2003-03-31,68000
71,M,Dermot,Mew,1960-04-11,2007-09-22,59000
72,M,Dave,Hargreaves,1977-03-04,2010-06-09,48000
73,M,Barry,Mew,1970-04-11,2008-05-25,77000
74,F,Victoria,Drake,1967-07-21,2007-01-03,22000
75,M,Jonny,Salt,1977-02-28,2011-01-26,84000
76,F,Emily,Hammond,1977-02-14,2015-10-07,134000
77,M,Boris,Charnock,1968-01-21,2002-07-21,132000
78,M,Jordan,Hargreaves,1970-02-26,2005-06-06,24000
79,F,Beth,Russell,1972-04-09,2001-11-21,36000
80,F,Diane,Drake,1960-05-23,2013-02-15,106000
81,M,Dave,Russell,1976-05-23,2009-11-09,57000
82,F,Ermintrude,Tanner,1975-11-16,2009-05-05,23000
83,M,Harry,Kraja,1959-09-19,2014-02-26,61000
84,F,Nadia,Brennan,1973-05-29,2009-01-08,147000
85,M,Frank,Mew,1969-05-28,2002-11-12,137000
86,M,Boris,Brennan,1979-06-05,2015-07-14,139000
87,F,Angie,Brennan,1966-12-11,2009-10-27,43000
88,M,Richard,Mew,1962-04-25,2014-08-09,57000
89,M,Rob,Plum,1976-02-16,2000-04-14,136000
90,M,Gav,Burrows,1965-09-22,2007-01-31,67000
91,M,Matt,Baker,1965-04-21,2002-09-24,88000
92,M,Terry,Tulip,1963-05-17,1998-09-24,69000
93,M,Ben,England,1968-02-12,2013-04-02,98000
94,M,Dermot,Baker,1978-07-14,2008-03-11,101000
95,F,Emily,Russell,1973-07-17,2002-01-11,145000
96,M,Gary,Fortescue-Smythe,1966-11-21,2013-02-05,121000
97,F,Karen,Burrows,1974-09-02,2000-09-19,118000
98,F,Emma,Tulip,1969-09-23,1998-12-24,132000
99,F,Zoe,Hammond,1959-01-28,2004-12-15,88000
100,F,Ermintrude,Charnock,1978-04-04,2015-10-13,35000
101,F,Diane,Salt,1966-05-21,2004-11-08,62000
102,M,Gav,Fortescue-Smythe,1960-04-09,2006-05-10,36000
103,M,James,Mew,1956-07-16,2015-05-06,148000
104,F,Zoe,McKemey,1970-11-10,2001-03-19,64000
105,F,Mary,Smith,1969-11-03,2008-02-17,138000
106,M,Barry,Mew,1967-09-12,2003-10-31,12000
107,M,George,Mew,1979-12-20,2000-02-14,38000
108,M,Boris,Tulip,1965-02-18,2011-02-01,99000
109,M,Bernard,Woch,1956-09-16,2008-06-29,92000
110,M,Barry,England,1976-12-22,2000-03-08,96000
111,M,James,Kraja,1962-12-16,2013-06-22,63000
112,M,George,Woch,1962-08-26,1998-03-27,103000
113,M,Pete,Salt,1978-01-09,2015-06-28,45000
114,M,Matt,England,1956-11-07,1998-02-18,149000
115,F,Nadia,Burrows,1961-05-17,2015-05-25,25000
116,F,Angie,Woch,1977-10-17,2000-10-08,58000
117,F,Diane,Hammond,1972-04-02,2008-12-17,85000
118,F,Zoe,England,1962-09-19,2009-11-05,121000
119,F,Ermintrude,Drake,1960-07-02,2001-11-25,102000
120,F,Angie,Charnock,1957-08-04,2009-11-19,28000
121,M,Frank,Salt,1961-08-22,1999-10-26,143000
122,M,George,Russell,1964-01-07,1999-07-25,128000
123,M,Gav,Barr,1965-02-13,2012-06-26,70000
124,M,Frank,Mew,1958-08-24,2001-09-29,19000
125,M,Dermot,Mew,1971-07-25,2013-10-27,77000
126,M,Gary,Charnock,1977-02-07,2007-09-29,105000
127,M,Harry,Woch,1964-02-11,2010-03-03,106000
128,F,Emily,Russell,1970-05-17,1999-12-20,137000
129,F,Cherie,Salt,1960-09-25,1999-04-04,117000
130,M,Rob,Charnock,1957-02-03,2005-07-02,117000
131,F,Diane,Fortescue-Smythe,1959-06-26,1998-04-25,139000
132,F,Emma,Charnock,1958-10-26,2005-07-29,117000
133,F,Beth,Drake,1964-01-17,2009-09-16,121000
134,M,Frank,Fortescue-Smythe,1956-05-21,2005-04-16,120000
135,M,Boris,Barr,1957-06-20,2010-02-11,103000
136,F,Ermintrude,England,1972-01-13,2003-02-12,74000
137,F,Lauren,Mew,1974-01-14,2012-05-31,27000
138,M,Barry,Kraja,1972-08-03,2000-07-19,70000
139,F,Sarah,England,1978-01-11,1998-05-11,88000
140,F,Lauren,Woch,1969-03-29,2011-09-30,107000
141,F,Faye,Charnock,1967-02-04,2012-02-24,101000
142,F,Cherie,Tanner,1960-10-10,1998-08-03,94000
143,M,Gav,Woch,1966-12-11,2001-10-15,131000
144,F,Laura,Salt,1960-03-11,2003-09-06,114000
145,F,Harriet,Plum,1974-08-16,1998-01-20,126000
146,F,Faye,Fortescue-Smythe,1966-03-20,2005-07-25,28000
147,F,Claire,Plum,1965-06-19,2001-04-04,147000
148,F,Sarah,Fortescue-Smythe,1962-01-25,2009-01-31,24000
149,F,Angie,Russell,1969-08-26,2013-12-05,76000
150,F,Sarah,England,1973-03-21,2015-07-08,49000
151,M,Dave,Russell,1975-03-14,2000-11-02,135000
152,M,Gav,Tanner,1975-12-05,2000-09-03,68000
153,M,James,Baker,1974-07-21,2008-10-03,75000
154,F,Emily,Smith,1972-10-18,2004-05-07,135000
155,M,Frank,Tanner,1972-05-08,1998-05-09,130000
156,F,Harriet,Woch,1976-10-12,2011-03-02,69000
157,F,Maureen,McKemey,1959-04-05,2007-08-13,22000
158,M,Terry,Tanner,1962-02-01,2001-09-13,68000
159,F,Laura,Brennan,1961-08-03,2014-10-13,11000
160,F,Diane,Burrows,1965-02-15,2014-09-10,28000
161,M,Jonny,Salt,1956-01-03,1998-03-11,105000
162,M,Larry,Plum,1971-08-18,2015-08-22,53000
163,F,Mary,England,1973-11-25,2000-07-14,106000
164,M,Dave,Mew,1959-02-12,2015-03-27,13000
165,F,Cherie,McKemey,1967-06-21,2011-11-24,142000
166,M,Gav,Charnock,1975-06-27,2011-07-06,137000
167,M,Frank,Russell,1967-11-21,2001-08-11,15000
168,F,Emily,Hargreaves,1956-03-03,2011-04-06,62000
169,M,Jonny,Russell,1976-11-15,1999-06-28,11000
170,F,Mary,Burrows,1971-05-11,2011-05-02,124000
171,F,Lauren,Baker,1961-10-17,2004-05-06,115000
172,F,Faye,Tulip,1962-08-25,2009-01-06,69000
173,F,Victoria,Taylor,1962-06-10,1998-08-20,15000
174,M,Terry,England,1975-11-09,2008-06-22,10000
175,F,Zoe,Tanner,1967-05-31,2007-07-22,81000
176,M,Will,Drake,1969-02-26,2011-06-10,39000
177,F,Laura,England,1974-03-03,2005-10-06,20000
178,M,Will,Baker,1977-05-01,2015-02-20,52000
179,M,Bernard,Brennan,1968-05-08,2009-02-27,90000
180,M,Dave,Hargreaves,1979-12-25,2015-04-15,82000
181,F,Laura,Plum,1963-10-24,1998-11-05,54000
182,F,Ethel,Russell,1956-05-04,2010-10-27,143000
183,F,Faye,Tulip,1961-02-25,2012-04-29,110000
184,M,Gav,Barr,1967-11-25,2009-10-14,116000
185,M,James,Salt,1977-10-28,2015-05-06,83000
186,F,Bella,Kraja,1971-06-07,2000-12-26,20000
187,M,Will,Brennan,1965-02-08,2014-07-28,41000
188,M,Matt,Hargreaves,1978-10-27,2004-02-07,15000
189,F,Mary,Salt,1966-04-11,2013-01-29,56000
190,M,Will,Brennan,1978-03-30,2008-04-21,83000
191,F,Sarah,Baker,1976-04-20,1999-09-17,104000
192,F,Ermintrude,Fortescue-Smythe,1978-12-18,2006-06-19,105000
193,M,Dave,Tanner,1977-12-12,2013-08-29,16000
194,F,Lauren,Charnock,1957-05-16,2008-07-06,122000
195,M,Will,McKemey,1977-03-31,2006-07-19,86000
196,M,Gav,McKemey,1961-07-16,2001-11-03,83000
197,M,Boris,Russell,1974-09-29,2005-09-20,125000
198,F,Faye,Tanner,1970-12-08,2015-02-23,76000
199,M,Rob,Plum,1967-01-25,1998-09-23,15000
200,F,Faye,Charnock,1956-03-07,2008-04-17,18000
201,F,Sarah,Salt,1966-12-23,2000-11-02,56000
202,M,Jonny,Smith,1973-06-02,2009-03-07,38000
203,F,Maureen,Tanner,1965-01-18,1999-04-11,69000
204,M,Ben,Brennan,1976-07-16,2005-10-06,63000
205,F,Ermintrude,Hargreaves,1956-02-07,1998-03-04,126000
206,M,Dermot,Mew,1958-01-25,2002-12-17,107000
207,M,Barry,Tanner,1973-04-29,2011-09-04,102000
208,F,Mary,England,1973-04-21,2001-02-16,125000
209,F,Bella,Baker,1979-07-23,2008-12-04,112000
210,M,Will,Baker,1972-04-16,2013-06-28,95000
211,F,Emily,Russell,1970-09-20,2009-12-31,46000
212,F,Victoria,Tulip,1959-11-29,2010-06-30,31000
213,F,Zoe,Burrows,1973-03-14,2008-11-10,30000
214,F,Diane,Tulip,1968-08-20,2000-12-18,98000
215,M,Terry,Woch,1979-07-27,2010-10-22,126000
216,M,George,Tanner,1965-12-15,2010-10-20,66000
217,F,Lauren,Fortescue-Smythe,1968-06-20,2008-10-21,143000
218,F,Maureen,Plum,1973-06-09,2006-02-12,97000
219,M,Rob,Smith,1960-02-14,1998-11-05,16000
220,F,Zoe,Tanner,1979-03-28,2012-09-18,62000
221,F,Cherie,Baker,1959-02-14,2001-01-05,142000
222,F,Emma,Charnock,1971-06-04,2005-08-29,24000
223,F,Faye,McKemey,1962-09-17,2001-11-13,86000
224,M,Dave,Kraja,1958-07-14,2013-02-13,36000
225,M,George,Drake,1974-02-16,2011-05-15,55000
226,M,Gary,Barr,1968-06-11,1998-08-10,133000
227,M,Will,Tulip,1966-08-27,2014-01-06,112000
228,M,Barry,Woch,1973-01-05,2006-10-28,53000
229,M,Ben,Kraja,1962-04-27,2009-07-06,48000
230,M,George,Taylor,1966-09-09,2005-07-05,82000
231,F,Nadia,Woch,1960-03-17,2012-01-01,35000
232,F,Laura,Woch,1969-04-29,2001-01-02,59000
233,F,Nadia,Baker,1966-06-19,2006-09-12,139000
234,M,Jon,McKemey,1963-03-09,2011-02-28,54000
235,M,James,Baker,1964-04-29,1999-05-10,42000
236,F,Maureen,Woch,1960-01-06,1999-01-02,136000
237,M,Jonny,Hargreaves,1979-08-19,2003-07-06,99000
238,F,Ermintrude,Taylor,1958-08-29,2012-05-09,96000
239,M,Barry,Plum,1957-08-20,2002-04-16,52000
240,F,Ethel,Burrows,1959-12-21,2006-11-22,119000
241,F,Maureen,England,1966-06-23,2002-03-06,38000
242,M,Rob,Burrows,1979-12-27,2006-06-08,98000
243,F,Diane,Charnock,1978-03-18,2012-09-13,138000
244,F,Claire,Barr,1965-02-24,2010-05-08,22000
245,M,Dermot,Tulip,1957-12-31,2008-03-30,120000
246,M,Bernard,Fortescue-Smythe,1957-10-29,1998-01-30,29000
247,M,Matt,Kraja,1979-07-08,2000-10-11,148000
248,M,Pete,England,1971-10-27,1999-07-15,40000
249,M,Rob,Tulip,1964-08-07,2012-12-09,145000
250,F,Bella,Hargreaves,1958-11-22,2015-11-23,136000
251,M,Gary,Tanner,1958-08-02,2005-10-13,119000
252,F,Cherie,Drake,1964-01-15,2007-01-09,54000
253,M,Rob,Kraja,1965-01-13,2001-02-02,42000
254,F,Diane,Barr,1970-11-17,2006-11-20,26000
255,M,George,McKemey,1957-09-19,2010-06-15,122000
256,F,Nadia,Kraja,1969-12-13,2009-10-31,60000
257,M,Frank,Charnock,1969-04-02,2013-02-08,34000
258,F,Nadia,England,1969-07-27,2014-07-02,19000
259,F,Faye,Mew,1978-10-25,2008-04-04,21000
260,M,Jon,Fortescue-Smythe,1977-11-14,2008-07-27,64000
261,M,Barry,Burrows,1971-10-31,1999-07-12,36000
262,F,Laura,England,1971-08-16,2015-03-13,45000
263,F,Mary,Fortescue-Smythe,1975-09-22,2013-05-10,34000
264,M,Terry,Hargreaves,1959-03-27,2008-08-17,15000
265,F,Harriet,Russell,1971-09-27,2009-12-29,13000
266,M,Boris,Woch,1967-12-01,2008-07-29,145000
267,M,Gav,Charnock,1978-05-23,2001-07-14,61000
268,M,Pete,Russell,1962-10-17,2013-02-23,93000
269,M,Boris,Charnock,1969-11-25,2013-11-18,132000
270,M,Jordan,Baker,1977-06-14,2006-05-01,30000
271,F,Faye,Woch,1966-11-28,2010-11-24,138000
272,M,Gary,Woch,1958-09-11,1998-10-13,57000
273,M,Boris,Tanner,1960-12-28,2002-11-10,114000
274,F,Zoe,Tulip,1962-04-19,2005-12-06,107000
275,M,Terry,Brennan,1977-03-19,2008-10-26,60000
276,M,George,Charnock,1970-05-20,2011-08-29,81000
277,F,Bella,Baker,1970-07-28,2011-02-28,15000
278,M,James,Barr,1964-06-10,2000-02-22,29000
279,F,Ermintrude,Burrows,1965-06-30,2014-07-08,29000
280,M,Dave,Burrows,1969-04-15,1999-12-01,124000
281,M,Gav,Smith,1970-11-20,1999-06-26,66000
282,F,Victoria,Drake,1974-10-19,2010-08-23,117000
283,F,Lauren,Burrows,1973-09-21,1998-06-11,88000
284,F,Lauren,Fortescue-Smythe,1970-03-14,2006-04-20,19000
285,M,Gary,Drake,1962-12-17,2009-07-30,56000
286,F,Bella,Smith,1963-07-21,2001-07-10,47000
287,F,Sarah,England,1966-12-29,2001-01-18,123000
288,F,Zoe,Salt,1969-08-16,2013-04-05,26000
289,M,Frank,Woch,1963-02-08,2012-06-14,96000
290,M,Gav,Woch,1965-12-17,2009-12-15,126000
291,F,Nadia,Charnock,1969-11-19,2012-04-18,124000
292,M,James,Tanner,1959-10-11,1999-11-25,50000
293,F,Ethel,Baker,1967-07-23,2015-12-01,28000
294,F,Emma,Kraja,1959-07-21,2007-01-23,11000
295,F,Sarah,Mew,1974-08-21,2015-12-24,118000
296,M,Dermot,England,1975-08-08,2006-02-12,146000
297,F,Zoe,Tanner,1967-03-14,2005-06-22,50000
298,F,Sarah,Charnock,1972-07-11,2008-03-19,115000
299,M,Richard,Tulip,1978-03-11,2006-11-04,74000
300,F,Maureen,Hargreaves,1964-05-01,2002-03-27,65000
301,F,Emma,Russell,1960-08-02,1998-03-03,125000
302,M,James,Kraja,1957-03-08,2005-02-03,57000
303,F,Ethel,Tulip,1969-08-04,2006-04-09,136000
304,M,Pete,Burrows,1973-12-25,2005-05-09,118000
305,M,Pete,Burrows,1971-12-01,2008-10-27,96000
306,M,Dave,Charnock,1956-05-19,2003-07-28,51000
307,M,Jordan,Burrows,1961-09-20,2006-08-11,36000
308,M,Bernard,Drake,1978-09-29,2002-04-12,82000
309,M,Gav,Taylor,1960-02-25,2001-06-23,114000
310,F,Victoria,Plum,1956-09-22,2006-04-08,31000
311,F,Harriet,Charnock,1971-10-15,2003-01-17,42000
312,F,Harriet,Taylor,1959-11-09,2013-05-21,45000
313,M,Dave,Plum,1964-04-26,2001-01-28,58000
314,M,Gary,Burrows,1957-01-02,2008-12-01,89000
315,F,Emma,Fortescue-Smythe,1977-01-21,2012-09-12,21000
316,M,Will,Tulip,1971-10-02,2015-09-23,39000
317,F,Emma,Baker,1976-08-11,2008-07-13,108000
318,F,Harriet,Drake,1957-05-07,2003-08-29,56000
319,M,Dave,Smith,1979-02-26,1999-03-27,73000
320,F,Karen,Charnock,1965-09-12,2014-04-11,23000
321,F,Karen,England,1977-03-21,2008-09-10,125000
322,M,Gary,Hammond,1965-03-05,2001-01-24,44000
323,F,Nadia,Salt,1966-04-29,1999-04-11,138000
324,M,Boris,Smith,1969-02-12,2002-07-17,137000
325,F,Mary,Tulip,1978-03-05,2003-03-31,40000
326,F,Karen,Kraja,1962-03-17,2011-11-21,20000
327,M,Will,Fortescue-Smythe,1973-05-24,2013-02-07,144000
328,F,Faye,Brennan,1966-08-14,2011-03-08,47000
329,M,Bernard,Kraja,1970-10-19,2008-08-01,38000
330,F,Emily,Baker,1970-02-08,2002-10-26,21000
331,M,Gary,Baker,1956-12-16,2014-10-04,63000
332,F,Lauren,Tanner,1966-11-11,2012-09-24,32000
333,F,Zoe,Plum,1978-02-20,1998-11-03,95000
334,M,Richard,Russell,1979-05-24,2013-08-20,102000
335,M,Larry,Drake,1978-12-08,2002-04-19,124000
336,F,Faye,Tanner,1961-10-20,2011-09-21,15000
337,F,Bella,Hargreaves,1975-03-04,2008-07-12,26000
338,M,Gav,Salt,1971-11-02,1999-01-30,55000
339,M,Ben,England,1970-12-10,2005-06-03,82000
340,F,Mary,Tanner,1960-08-10,2014-11-19,73000
341,F,Laura,Tulip,1969-06-17,2003-07-30,98000
342,M,Terry,Drake,1967-06-14,2010-01-19,63000
343,F,Nadia,Taylor,1960-09-08,2015-07-24,114000
344,M,Ben,Fortescue-Smythe,1974-09-17,2002-09-24,72000
345,M,Harry,Smith,1962-04-04,2006-07-21,145000
346,F,Diane,Hargreaves,1965-01-16,2006-03-18,115000
347,M,Dermot,Tulip,1973-12-15,1999-02-24,99000
348,F,Ethel,Brennan,1974-10-14,2012-09-29,38000
349,F,Diane,Plum,1973-12-23,1999-08-28,80000
350,M,Jon,Hammond,1968-12-16,2004-09-22,28000
351,M,Gav,Hargreaves,1974-08-09,1999-07-17,87000
352,F,Claire,Hammond,1974-01-21,2009-11-27,15000
353,M,Richard,Russell,1963-12-31,2014-02-22,106000
354,M,Gav,Woch,1979-08-21,2009-08-11,49000
355,M,Pete,Brennan,1962-04-29,2002-05-10,122000
356,F,Emma,Tanner,1960-09-08,2011-07-20,66000
357,F,Laura,Fortescue-Smythe,1964-05-31,2006-08-02,129000
358,F,Zoe,Russell,1968-06-18,2008-12-05,107000
359,M,Pete,England,1974-03-04,2014-05-04,134000
360,F,Beth,McKemey,1972-01-26,2013-08-11,28000
361,F,Karen,Woch,1963-10-12,2014-08-18,75000
362,M,Dave,Hargreaves,1969-02-10,2010-04-01,18000
363,F,Ethel,Brennan,1960-11-24,2013-04-06,31000
364,F,Emily,McKemey,1957-06-10,2011-05-22,25000
365,M,Gav,Tanner,1971-08-01,2012-09-16,55000
366,F,Harriet,Barr,1974-01-01,2014-11-14,27000
367,F,Claire,Charnock,1978-07-17,2015-07-11,104000
368,F,Bella,Taylor,1979-05-02,2007-06-03,104000
369,F,Lauren,Mew,1967-02-04,2002-10-10,90000
370,M,Larry,Baker,1964-04-19,2013-06-12,71000
371,F,Nadia,Smith,1971-05-16,2015-03-17,39000
372,F,Maureen,Kraja,1969-12-16,2009-12-26,71000
373,F,Laura,Russell,1965-09-13,2015-02-24,72000
374,M,James,Burrows,1962-03-21,2013-09-12,80000
375,F,Beth,Burrows,1957-10-19,2006-12-09,142000
376,M,Jon,Taylor,1960-08-21,2006-08-21,129000
377,M,Frank,Drake,1957-05-08,2008-03-16,136000
378,F,Zoe,England,1957-10-22,1999-11-01,80000
379,M,Gary,McKemey,1966-02-28,2001-03-03,130000
380,F,Beth,Drake,1960-11-15,2003-11-19,86000
381,M,Larry,Mew,1957-04-10,2009-11-09,71000
382,F,Diane,Drake,1971-11-18,2013-06-21,16000
383,F,Beth,Charnock,1977-09-04,2004-01-14,10000
384,F,Beth,Plum,1960-09-22,2006-01-21,28000
385,M,Gav,Smith,1964-03-21,1999-04-20,76000
386,M,Boris,Mew,1962-08-01,2015-06-03,117000
387,F,Mary,Kraja,1977-07-01,2003-04-30,115000
388,M,Harry,Fortescue-Smythe,1967-12-27,1999-06-06,57000
389,F,Harriet,Smith,1967-08-27,2009-05-11,25000
390,F,Emma,Mew,1968-05-08,1998-09-06,129000
391,F,Maureen,Tulip,1964-01-01,2008-12-15,118000
392,F,Beth,Tanner,1956-05-24,2012-06-20,95000
393,F,Victoria,Baker,1965-06-16,2008-11-04,137000
394,F,Beth,Tulip,1972-11-23,2012-10-15,47000
395,M,Jon,Brennan,1973-07-18,2001-06-25,19000
396,M,Dermot,England,1964-07-06,1998-01-16,132000
397,F,Victoria,Fortescue-Smythe,1966-12-09,2008-11-12,100000
398,M,Richard,Smith,1966-03-18,2003-07-11,112000
399,M,Dave,Tulip,1957-08-08,2015-05-11,18000
400,F,Sarah,Burrows,1956-12-20,1998-06-28,107000
401,M,Gav,Baker,1966-07-09,2014-06-27,105000
402,M,Gav,Kraja,1974-01-05,2012-07-28,148000
403,M,James,McKemey,1961-09-13,2011-08-15,65000
404,F,Karen,Smith,1973-06-15,2004-12-29,85000
405,F,Bella,Charnock,1964-12-20,2004-06-21,84000
406,F,Zoe,Smith,1958-09-17,2012-07-17,126000
407,M,Matt,Smith,1960-06-17,2009-05-26,30000
408,F,Karen,McKemey,1968-11-16,2009-12-21,124000
409,M,Harry,Plum,1960-03-17,2007-05-28,145000
410,F,Cherie,England,1956-12-02,2010-11-11,100000
411,F,Laura,Salt,1964-08-03,2004-08-31,38000
412,M,Harry,Woch,1973-07-09,2006-09-25,141000
413,M,George,Hammond,1966-05-06,2005-06-11,56000
414,F,Bella,Woch,1970-06-06,2015-12-04,117000
415,M,Jon,Mew,1957-11-02,2013-08-04,114000
416,M,Frank,Hargreaves,1977-09-16,2012-01-08,106000
417,M,Bernard,Hargreaves,1978-04-02,1999-01-19,57000
418,F,Zoe,Mew,1974-12-20,2003-09-29,85000
419,F,Claire,Charnock,1972-10-27,2004-12-12,70000
420,F,Claire,Drake,1958-12-08,2011-05-18,16000
421,F,Emily,Tanner,1976-01-27,2010-12-08,71000
422,F,Emma,Barr,1965-06-04,2012-08-05,62000
423,M,Dave,Baker,1957-07-11,1999-07-22,117000
424,M,Richard,Barr,1967-06-19,2003-09-28,110000
425,M,Jon,Fortescue-Smythe,1973-02-12,2001-10-07,21000
426,F,Ethel,Barr,1956-07-14,2002-05-19,118000
427,M,Matt,Baker,1957-05-09,2005-07-27,63000
428,F,Claire,Baker,1965-11-04,2011-10-30,141000
429,M,Jon,Tanner,1978-01-15,2006-07-13,78000
430,M,Gav,Taylor,1967-12-28,2010-11-01,23000
431,F,Claire,Hammond,1965-09-03,2010-02-23,20000
432,M,Bernard,Burrows,1965-02-08,2011-02-13,52000
433,M,Barry,Plum,1961-06-07,2013-12-22,34000
434,M,Will,Barr,1972-07-09,2008-05-29,133000
435,M,Dave,McKemey,1957-12-05,1998-06-13,92000
436,M,Jon,Barr,1961-03-19,2009-11-06,149000
437,M,Dave,Smith,1964-03-03,2012-11-16,82000
438,F,Nadia,Charnock,1956-01-28,1999-01-15,37000
439,M,Gav,Hammond,1972-05-15,2012-08-23,19000
440,F,Sarah,Burrows,1977-12-10,2002-05-01,50000
441,M,Dermot,Fortescue-Smythe,1975-08-12,2001-12-21,95000
442,F,Maureen,Smith,1968-12-23,2003-08-06,68000
443,M,George,Tanner,1966-05-09,2005-06-20,139000
444,M,George,Drake,1958-07-20,2002-05-12,38000
445,F,Angie,Burrows,1975-02-21,2013-09-11,132000
446,M,James,England,1966-03-19,2002-01-21,50000
447,F,Angie,Tulip,1961-01-08,2003-01-09,88000
448,M,Frank,Fortescue-Smythe,1958-03-08,2007-08-23,58000
449,F,Emma,Taylor,1977-12-18,2006-11-30,40000
450,F,Mary,Woch,1977-09-21,1999-04-20,27000
451,M,Frank,Woch,1964-11-05,2010-12-19,111000
452,M,Boris,Hammond,1967-08-09,2002-05-07,28000
453,M,George,Russell,1973-07-08,2012-06-03,106000
454,F,Nadia,Tanner,1965-09-25,2012-03-23,119000
455,F,Angie,McKemey,1960-01-22,2003-06-15,76000
456,F,Laura,Hargreaves,1969-09-04,2002-10-10,77000
457,F,Nadia,Taylor,1974-12-16,2004-11-07,103000
458,M,Bernard,Baker,1958-09-18,1999-02-14,69000
459,M,Matt,Brennan,1964-05-04,2012-12-26,134000
460,M,Barry,Hargreaves,1970-04-20,2009-03-31,55000
461,M,Larry,McKemey,1970-11-29,2006-11-02,139000
462,M,Larry,Kraja,1965-05-18,2003-03-29,90000
463,M,George,Barr,1971-05-25,2011-02-01,55000
464,M,Frank,Drake,1960-03-18,2010-04-13,11000
465,M,Jonny,Taylor,1964-08-08,2009-05-28,49000
466,F,Diane,Fortescue-Smythe,1968-10-15,2013-07-10,123000
467,F,Victoria,Fortescue-Smythe,1958-02-04,1998-11-09,44000
468,F,Angie,Tulip,1976-10-24,2007-02-25,43000
469,F,Harriet,Tulip,1966-07-15,2005-07-27,62000
470,M,Gav,McKemey,1978-11-14,1999-09-23,113000
471,M,Terry,Salt,1970-08-19,2009-08-12,113000
472,F,Lauren,Russell,1972-11-22,2011-05-11,52000
473,F,Bella,Kraja,1973-12-09,1998-12-23,27000
474,F,Lauren,Smith,1960-04-06,2002-12-11,62000
475,M,Dermot,Russell,1973-06-07,2000-04-17,107000
476,M,Will,Baker,1968-11-22,2005-08-23,110000
477,M,Larry,Smith,1966-03-28,1999-07-15,16000
478,F,Harriet,Tulip,1968-06-19,2007-01-17,140000
479,M,Larry,Hargreaves,1966-12-19,1998-09-02,93000
480,M,Will,Russell,1975-08-03,2000-09-22,105000
481,M,Dave,Baker,1971-04-05,2015-03-30,13000
482,M,Rob,Taylor,1957-06-19,2005-05-05,66000
483,F,Ermintrude,Mew,1978-01-30,2013-11-14,47000
484,M,Boris,Woch,1973-11-19,2000-10-27,28000
485,F,Diane,Drake,1973-07-23,1999-02-25,84000
486,F,Karen,McKemey,1966-03-31,2008-09-02,69000
487,M,Rob,Hargreaves,1965-03-26,2014-04-30,78000
488,M,Jonny,Woch,1969-06-26,2007-04-08,99000
489,F,Nadia,Barr,1979-04-10,2011-03-20,59000
490,F,Zoe,Taylor,1969-03-24,2013-12-29,149000
491,M,Dave,Hammond,1959-04-16,2001-01-06,14000
492,M,Rob,Fortescue-Smythe,1968-01-08,2009-01-29,145000
493,M,Dave,Brennan,1965-03-24,2004-02-03,75000
494,M,Bernard,Mew,1958-03-22,2003-12-10,59000
495,M,Harry,Baker,1956-11-02,2014-03-20,23000
496,F,Beth,Barr,1960-01-16,2003-10-07,21000
497,F,Maureen,Plum,1975-08-28,2004-12-27,21000
498,M,George,Tulip,1968-11-30,2011-10-12,110000
499,F,Nadia,Woch,1969-08-17,2013-01-21,100000
500,M,Rob,Tanner,1971-08-21,2007-08-31,60000
